{"cameraMode":{"drawMode":0,"name":"Shaded","section":"Shading Mode"},"sceneLighting":true,"audioPlay":false,"sceneViewState":{"m_AlwaysRefresh":true,"showFog":true,"showSkybox":true,"showFlares":true,"showImageEffects":true,"showParticleSystems":true,"showVisualEffectGraphs":true,"m_FxEnabled":true},"in2DMode":false,"pivot":{"x":-0.01530468463897705,"y":1.91678786277771,"z":-3.6724352836608888},"rotation":{"x":-0.21933428943157197,"y":-0.18543224036693574,"z":0.042512208223342898,"w":-0.9569594264030457},"size":1.1397855281829835,"orthographic":false}