{"cameraMode":{"drawMode":0,"name":"Shaded","section":"Shading Mode"},"sceneLighting":true,"audioPlay":false,"sceneViewState":{"m_AlwaysRefresh":true,"showFog":true,"showSkybox":true,"showFlares":true,"showImageEffects":true,"showParticleSystems":true,"showVisualEffectGraphs":true,"m_FxEnabled":true},"in2DMode":false,"pivot":{"x":-9.394262313842774,"y":8.552820205688477,"z":-6.826238632202148},"rotation":{"x":0.15969713032245637,"y":-0.15330184996128083,"z":0.02484556846320629,"w":0.9750626087188721},"size":10.428839683532715,"orthographic":false}