{"cameraMode":{"drawMode":0,"name":"Shaded","section":"Shading Mode"},"sceneLighting":true,"audioPlay":false,"sceneViewState":{"m_AlwaysRefresh":true,"showFog":true,"showSkybox":true,"showFlares":true,"showImageEffects":true,"showParticleSystems":true,"showVisualEffectGraphs":true,"m_FxEnabled":true},"in2DMode":false,"pivot":{"x":11.034186363220215,"y":25.981983184814454,"z":180.04855346679688},"rotation":{"x":0.008689734153449536,"y":-0.961077868938446,"z":0.27531698346138,"w":0.029807358980178834},"size":8.093876838684082,"orthographic":false}