{"cameraMode":{"drawMode":0,"name":"Shaded","section":"Shading Mode"},"sceneLighting":true,"audioPlay":false,"sceneViewState":{"m_AlwaysRefresh":true,"showFog":true,"showSkybox":true,"showFlares":true,"showImageEffects":true,"showParticleSystems":true,"showVisualEffectGraphs":true,"m_FxEnabled":true},"in2DMode":false,"pivot":{"x":-11.896939277648926,"y":3.3981404304504396,"z":26.26305389404297},"rotation":{"x":0.11265815049409867,"y":0.1375540941953659,"z":-0.01575251668691635,"w":0.9839518666267395},"size":6.179805755615234,"orthographic":false}