{"cameraMode":{"drawMode":0,"name":"Shaded","section":"Shading Mode"},"sceneLighting":true,"audioPlay":false,"sceneViewState":{"m_AlwaysRefresh":true,"showFog":true,"showSkybox":true,"showFlares":true,"showImageEffects":true,"showParticleSystems":true,"showVisualEffectGraphs":true,"m_FxEnabled":true},"in2DMode":false,"pivot":{"x":-0.5848302841186523,"y":-3.6436572074890138,"z":-11.087772369384766},"rotation":{"x":-0.18171416223049165,"y":0.4001305401325226,"z":-0.08127643167972565,"w":-0.8945843577384949},"size":0.9463179707527161,"orthographic":false}