{"cameraMode":{"drawMode":0,"name":"Shaded","section":"Shading Mode"},"sceneLighting":true,"audioPlay":false,"sceneViewState":{"m_AlwaysRefresh":true,"showFog":true,"showSkybox":true,"showFlares":true,"showImageEffects":true,"showParticleSystems":true,"showVisualEffectGraphs":true,"m_FxEnabled":true},"in2DMode":false,"pivot":{"x":-4.975916862487793,"y":0.9546942114830017,"z":-1.2739644050598145},"rotation":{"x":0.1176459863781929,"y":0.6946051716804504,"z":-0.11673248559236527,"w":0.7000412940979004},"size":1.8578424453735352,"orthographic":true}