{"cameraMode":{"drawMode":0,"name":"Shaded","section":"Shading Mode"},"sceneLighting":true,"audioPlay":false,"sceneViewState":{"m_AlwaysRefresh":true,"showFog":true,"showSkybox":true,"showFlares":true,"showImageEffects":true,"showParticleSystems":true,"showVisualEffectGraphs":true,"m_FxEnabled":true},"in2DMode":false,"pivot":{"x":-0.39826321601867678,"y":-2.7720701694488527,"z":-10.884700775146485},"rotation":{"x":-0.22457408905029298,"y":0.05022134259343147,"z":-0.011614907532930375,"w":-0.973153829574585},"size":0.7203509211540222,"orthographic":false}