{"cameraMode":{"drawMode":0,"name":"Shaded","section":"Shading Mode"},"sceneLighting":true,"audioPlay":false,"sceneViewState":{"m_AlwaysRefresh":true,"showFog":true,"showSkybox":true,"showFlares":true,"showImageEffects":true,"showParticleSystems":true,"showVisualEffectGraphs":true,"m_FxEnabled":true},"in2DMode":false,"pivot":{"x":540.0245361328125,"y":1139.808349609375,"z":0.5093386173248291},"rotation":{"x":0.2533024847507477,"y":0.03278796374797821,"z":-0.008600110188126564,"w":0.966983437538147},"size":0.8660253882408142,"orthographic":false}