{"cameraMode":{"drawMode":0,"name":"Shaded","section":"Shading Mode"},"sceneLighting":true,"audioPlay":false,"sceneViewState":{"m_AlwaysRefresh":true,"showFog":true,"showSkybox":true,"showFlares":true,"showImageEffects":true,"showParticleSystems":true,"showVisualEffectGraphs":true,"m_FxEnabled":true},"in2DMode":false,"pivot":{"x":-5.702071666717529,"y":3.755526542663574,"z":4.003812789916992},"rotation":{"x":0.17028649151325227,"y":-0.1102760061621666,"z":0.019228365272283555,"w":0.9791281819343567},"size":18.045547485351564,"orthographic":false}