{"cameraMode":{"drawMode":0,"name":"Shaded","section":"Shading Mode"},"sceneLighting":true,"audioPlay":false,"sceneViewState":{"m_AlwaysRefresh":true,"showFog":true,"showSkybox":true,"showFlares":true,"showImageEffects":true,"showParticleSystems":true,"showVisualEffectGraphs":true,"m_FxEnabled":true},"in2DMode":false,"pivot":{"x":0.35729336738586428,"y":0.30640673637390139,"z":-0.12202677130699158},"rotation":{"x":0.12393311411142349,"y":0.8163859248161316,"z":-0.19046375155448914,"w":0.5312640070915222},"size":0.47648876905441286,"orthographic":false}