{"cameraMode":{"drawMode":0,"name":"Shaded","section":"Shading Mode"},"sceneLighting":true,"audioPlay":false,"sceneViewState":{"m_AlwaysRefresh":true,"showFog":true,"showSkybox":true,"showFlares":true,"showImageEffects":true,"showParticleSystems":true,"showVisualEffectGraphs":true,"m_FxEnabled":true},"in2DMode":false,"pivot":{"x":-13.736602783203125,"y":-20.127309799194337,"z":40.10564041137695},"rotation":{"x":0.2208961397409439,"y":0.31316712498664858,"z":-0.07514630258083344,"w":0.9205940365791321},"size":40.412296295166019,"orthographic":false}