{"cameraMode":{"drawMode":0,"name":"Shaded","section":"Shading Mode"},"sceneLighting":true,"audioPlay":false,"sceneViewState":{"m_AlwaysRefresh":true,"showFog":true,"showSkybox":true,"showFlares":true,"showImageEffects":true,"showParticleSystems":true,"showVisualEffectGraphs":true,"m_FxEnabled":true},"in2DMode":false,"pivot":{"x":-4.044390678405762,"y":-1.503848671913147,"z":-11.873186111450196},"rotation":{"x":0.29175350069999697,"y":0.30825355648994448,"z":-0.09993723034858704,"w":0.8999475836753845},"size":0.3451579511165619,"orthographic":false}