{"cameraMode":{"drawMode":0,"name":"Shaded","section":"Shading Mode"},"sceneLighting":true,"audioPlay":false,"sceneViewState":{"m_AlwaysRefresh":true,"showFog":true,"showSkybox":true,"showFlares":true,"showImageEffects":true,"showParticleSystems":true,"showVisualEffectGraphs":true,"m_FxEnabled":true},"in2DMode":false,"pivot":{"x":18.364171981811525,"y":-10.749497413635254,"z":-15.070433616638184},"rotation":{"x":0.14655432105064393,"y":0.7036148905754089,"z":-0.1519835740327835,"w":0.6787536144256592},"size":12.12435531616211,"orthographic":false}