{"cameraMode":{"drawMode":0,"name":"Shaded","section":"Shading Mode"},"sceneLighting":true,"audioPlay":false,"sceneViewState":{"m_AlwaysRefresh":true,"showFog":true,"showSkybox":true,"showFlares":true,"showImageEffects":true,"showParticleSystems":true,"showVisualEffectGraphs":true,"m_FxEnabled":true},"in2DMode":false,"pivot":{"x":-54.23911666870117,"y":22.47614860534668,"z":81.42426300048828},"rotation":{"x":-0.005365872289985418,"y":-0.9873661994934082,"z":0.034073103219270709,"w":-0.15497201681137086},"size":5.0382914543151859,"orthographic":false}