{"cameraMode":{"drawMode":0,"name":"Shaded","section":"Shading Mode"},"sceneLighting":true,"audioPlay":false,"sceneViewState":{"m_AlwaysRefresh":true,"showFog":true,"showSkybox":true,"showFlares":true,"showImageEffects":true,"showParticleSystems":true,"showVisualEffectGraphs":true,"m_FxEnabled":true},"in2DMode":false,"pivot":{"x":-0.3551826775074005,"y":-0.20959961414337159,"z":-14.886533737182618},"rotation":{"x":0.0958816334605217,"y":0.07520325481891632,"z":-0.0072466423735022549,"w":0.9925843477249146},"size":1.11415696144104,"orthographic":false}