{"cameraMode":{"drawMode":0,"name":"Shaded","section":"Shading Mode"},"sceneLighting":true,"audioPlay":false,"sceneViewState":{"m_AlwaysRefresh":true,"showFog":true,"showSkybox":true,"showFlares":true,"showImageEffects":true,"showParticleSystems":true,"showVisualEffectGraphs":true,"m_FxEnabled":true},"in2DMode":false,"pivot":{"x":-23.819747924804689,"y":-17.950698852539064,"z":25.839130401611329},"rotation":{"x":-0.12008735537528992,"y":0.8507483601570129,"z":-0.46124881505966189,"w":-0.2214958667755127},"size":21.168025970458986,"orthographic":false}