{"cameraMode":{"drawMode":0,"name":"Shaded","section":"Shading Mode"},"sceneLighting":true,"audioPlay":false,"sceneViewState":{"m_AlwaysRefresh":true,"showFog":true,"showSkybox":true,"showFlares":true,"showImageEffects":true,"showParticleSystems":true,"showVisualEffectGraphs":true,"m_FxEnabled":true},"in2DMode":false,"pivot":{"x":0.15980631113052369,"y":-3.253573417663574,"z":-11.529620170593262},"rotation":{"x":0.010273599997162819,"y":-0.6486585736274719,"z":0.008757439441978932,"w":0.7609598636627197},"size":0.268096923828125,"orthographic":false}