{"cameraMode":{"drawMode":0,"name":"Shaded","section":"Shading Mode"},"sceneLighting":true,"audioPlay":false,"sceneViewState":{"m_AlwaysRefresh":true,"showFog":true,"showSkybox":true,"showFlares":true,"showImageEffects":true,"showParticleSystems":true,"showVisualEffectGraphs":true,"m_FxEnabled":true},"in2DMode":false,"pivot":{"x":-1.4707458019256592,"y":-1.0917351245880128,"z":-12.669560432434082},"rotation":{"x":0.16807492077350617,"y":0.061179548501968387,"z":-0.010451656766235829,"w":0.9838498830795288},"size":0.8663613796234131,"orthographic":false}