{"cameraMode":{"drawMode":0,"name":"Shaded","section":"Shading Mode"},"sceneLighting":true,"audioPlay":false,"sceneViewState":{"m_AlwaysRefresh":true,"showFog":true,"showSkybox":true,"showFlares":true,"showImageEffects":true,"showParticleSystems":true,"showVisualEffectGraphs":true,"m_FxEnabled":true},"in2DMode":false,"pivot":{"x":-1.470573902130127,"y":-0.7433372139930725,"z":-13.293854713439942},"rotation":{"x":-0.1748681217432022,"y":0.021228328347206117,"z":-0.0037765856832265856,"w":-0.984429121017456},"size":0.7898368239402771,"orthographic":false}