{"cameraMode":{"drawMode":0,"name":"Shaded","section":"Shading Mode"},"sceneLighting":true,"audioPlay":false,"sceneViewState":{"m_AlwaysRefresh":true,"showFog":true,"showSkybox":true,"showFlares":true,"showImageEffects":true,"showParticleSystems":true,"showVisualEffectGraphs":true,"m_FxEnabled":true},"in2DMode":false,"pivot":{"x":8.070291519165039,"y":17.966903686523439,"z":83.3988037109375},"rotation":{"x":0.022192133590579034,"y":0.01979437656700611,"z":-0.00043791235657408834,"w":0.9995657205581665},"size":101.54055786132813,"orthographic":false}