{"cameraMode":{"drawMode":0,"name":"Shaded","section":"Shading Mode"},"sceneLighting":true,"audioPlay":false,"sceneViewState":{"m_AlwaysRefresh":true,"showFog":true,"showSkybox":true,"showFlares":true,"showImageEffects":true,"showParticleSystems":true,"showVisualEffectGraphs":true,"m_FxEnabled":true},"in2DMode":false,"pivot":{"x":-2.9020605087280275,"y":-4.989223957061768,"z":2.5885963439941408},"rotation":{"x":0.18091852962970735,"y":-0.04365099221467972,"z":0.008038494735956192,"w":0.982505202293396},"size":12.12435531616211,"orthographic":false}