{"cameraMode":{"drawMode":0,"name":"Shaded","section":"Shading Mode"},"sceneLighting":false,"audioPlay":false,"sceneViewState":{"m_AlwaysRefresh":true,"showFog":true,"showSkybox":false,"showFlares":true,"showImageEffects":true,"showParticleSystems":true,"showVisualEffectGraphs":true,"m_FxEnabled":true},"in2DMode":false,"pivot":{"x":15.703301429748536,"y":-11.827065467834473,"z":15.646282196044922},"rotation":{"x":-0.22770118713378907,"y":-0.3732786774635315,"z":0.09504055231809616,"w":-0.8943273425102234},"size":13.07981014251709,"orthographic":false}