{"cameraMode":{"drawMode":0,"name":"Shaded","section":"Shading Mode"},"sceneLighting":false,"audioPlay":false,"sceneViewState":{"m_AlwaysRefresh":true,"showFog":true,"showSkybox":false,"showFlares":true,"showImageEffects":true,"showParticleSystems":true,"showVisualEffectGraphs":true,"m_FxEnabled":true},"in2DMode":false,"pivot":{"x":13.204824447631836,"y":-12.107722282409668,"z":17.130510330200197},"rotation":{"x":-0.24358296394348145,"y":-0.3071352243423462,"z":0.08164229989051819,"w":-0.9163540005683899},"size":13.07981014251709,"orthographic":false}