{"cameraMode":{"drawMode":0,"name":"Shaded","section":"Shading Mode"},"sceneLighting":false,"audioPlay":false,"sceneViewState":{"m_AlwaysRefresh":true,"showFog":true,"showSkybox":false,"showFlares":true,"showImageEffects":true,"showParticleSystems":true,"showVisualEffectGraphs":true,"m_FxEnabled":true},"in2DMode":false,"pivot":{"x":-0.04141338914632797,"y":0.04791036248207092,"z":-0.21279427409172059},"rotation":{"x":-0.28999564051628115,"y":-0.479931503534317,"z":0.17183126509189607,"w":-0.8099803924560547},"size":0.8660253882408142,"orthographic":false}