{"cameraMode":{"drawMode":0,"name":"Shaded","section":"Shading Mode"},"sceneLighting":false,"audioPlay":false,"sceneViewState":{"m_AlwaysRefresh":true,"showFog":true,"showSkybox":false,"showFlares":true,"showImageEffects":true,"showParticleSystems":true,"showVisualEffectGraphs":true,"m_FxEnabled":true},"in2DMode":false,"pivot":{"x":0.11469334363937378,"y":-0.21860134601593018,"z":-0.21184474229812623},"rotation":{"x":-0.33094242215156557,"y":-0.40646544098854067,"z":0.16084833443164826,"w":-0.8363110423088074},"size":0.8660253882408142,"orthographic":false}